{
 "Debug info": "+6282376365816",
 "Device ID": 0,
 "Description": "2.21.5.17",
 "Version": "2.21.5.17",
 "App": "com.whatsapp.w4b",
 "MDEnabled": false,
 "LC": "ID",
 "LG": "in",
 "Context": "settings\/about",
 "Carrier": "TSEL-PAKAIMASKER",
 "Manufacturer": "realme",
 "Model": "RMX2103",
 "CPU ABI": "arm64-v8a",
 "OS": "10",
 "Socket Conn": "UP",
 "Radio MCC-MNC": "510-10",
 "SIM MCC-MNC": "510-10",
 "Free Space Built-In": "75687280640 (75,69 GB)",
 "Free Space Removable": "75477557248 (75,48 GB)",
 "FAQ Results Returned": 10,
 "FAQ Results Read": 0,
 "Smb count": "7",
 "Ent count": "1",
 "Away state": "0",
 "Away start time": "0",
 "Away end time": "0",
 "Greeting message on": "false",
 "CCode": "62 82376365816",
 "Target": "release",
 "Product": "RMX2103T2",
 "Device": "RE50C1",
 "Build": "RMX2103_11_A.41",
 "Board": "bengal",
 "Kernel": "Unknown release unknown version",
 "Connection": "M.O.B.I.L.E. (L.T.E.)",
 "Device ISO8601": "2021-04-02 02:45:21.486+0700",
 "Phone Type": "G.S.M.",
 "Network Type": "U.N.K.N.O.W.N.",
 "Missing Permissions": "android.permission.ACCESS_COARSE_LOCATION, android.permission.ACCESS_FINE_LOCATION, android.permission.INSTALL_SHORTCUT, android.permission.READ_PHONE_NUMBERS, android.permission.READ_PHONE_STATE, android.permission.REQUEST_INSTALL_PACKAGES, com.sec.android.provider.badge.permission.READ, com.sec.android.provider.badge.permission.WRITE, com.htc.launcher.permission.READ_SETTINGS, com.htc.launcher.permission.UPDATE_SHORTCUT, com.sonyericsson.home.permission.BROADCAST_BADGE, com.sonymobile.home.permission.PROVIDER_INSERT_BADGE, com.huawei.android.launcher.permission.READ_SETTINGS, com.huawei.android.launcher.permission.WRITE_SETTINGS, com.huawei.android.launcher.permission.CHANGE_BADGE, android.permission.CALL_PHONE, android.permission.ANSWER_PHONE_CALLS, android.permission.READ_CALL_LOG",
 "Architecture": "aarch64",
 "Diagnostic Codes": "FE-GDE FE-GDC FE-VIDC FE-SMSRTV ",
 "Network metered": "208:true",
 "Network restricted": "208:false",
 "Data roaming": "false",
 "Tel roaming": "false",
 "Video transcode": "supported",
 "Datacenter": "nao",
 "Screen reader": false,
 "Fingerprint eligible": true,
 "Last local backup time": "2021-04-02 02:00:02.000+0700",
 "Google account added": false
}